pocket,n_total,n_valid,qed_mean,qed_std,sa_mean,tanimoto_diversity,centroid_variance,mean_pairwise_centroid_distance,clashes_per_mol,bond_anomaly_rate,broken_rings_per_mol,distance_to_pocket_center,mol_mw,mol_logp,mol_hba,mol_hbd,mol_rotb
14gs_A_rec,10,10,0.6670291137256126,0.07298810887105338,3.812815282561919,0.9257480361176071,0.19872094415013056,0.8956765259971547,0.0,0.0,0.0,3.276994137071007,225.08290000000002,1.587520000000001,3.2,1.2,1.2
1a2g_A_rec,10,10,0.5151393681955347,0.18077471615495244,3.0463098121198677,0.9133012812183599,0.8275921753245706,1.9199411045367596,110.0,0.00423728813559322,0.0,2.0474662595138793,295.00890000000004,2.3857900000000005,3.8,1.6,2.7
1afs_A_rec,10,10,0.601275750766511,0.1082183186739156,3.876174684411258,0.9192428463478907,0.029568135156002668,0.4064407071326533,5.0,0.025380710659898477,0.0,0.920306564777688,256.0832,1.380265,3.7,2.3,1.6
1ai4_A_rec,10,10,0.7399224305187804,0.08919749056514123,3.214868560124934,0.9107287701235207,0.035072148328268556,0.43400460297124616,155.0,0.01951219512195122,0.0,2.2115676890594527,262.62800000000004,2.4953160000000008,3.6,1.4,1.4
1coy_A_rec,10,10,0.7214104719649248,0.1139999744944929,3.9375234692020613,0.9186358778981503,0.026099961948518404,0.37593154881579693,5.0,0.03431372549019608,0.0,0.34649134311395524,259.48370000000006,2.477858000000002,2.7,1.7,1.6
1d7j_A_rec,10,10,0.5573282764404835,0.18768252492468274,4.132354980216095,0.9039397674010979,0.06911307533921189,0.6248781099627903,10.0,0.011450381679389313,0.0,4.481763229969301,348.1778000000001,2.3183900000000026,4.2,2.2,7.1
1djy_A_rec,10,10,0.4989200418611005,0.1589120049922906,4.3612607635691045,0.9107772634772672,0.15327599634248165,0.8935002350737647,15.0,0.046218487394957986,0.2,3.4982784157964906,317.06590000000006,-0.052769999999999116,5.4,3.7,3.3
1dxo_C_rec,10,10,0.6951216011490744,0.1963387290683219,3.5448988120871876,0.9183574429422483,0.11747508877380929,0.8183545705275872,30.0,0.03431372549019608,0.1,3.6861183024444992,265.40109999999993,2.3621860000000017,3.3,1.8,2.9
1e8h_A_rec,10,10,0.21577421486221143,0.11699609819463243,5.525946637907365,0.8150538433604889,0.03316660189240997,0.4048311153542397,100.0,0.024922118380062305,0.0,0.991489645316093,473.96400000000006,-2.078543,12.7,6.8,6.0
1fmc_B_rec,10,10,0.6759916729441764,0.17198729644556912,4.309797457133543,0.9078303631704749,0.02001834653767273,0.34290690859868195,0.0,0.037037037037037035,0.0,2.0318699500628794,356.31290000000007,1.9268880000000013,4.9,2.3,3.4
1gg5_A_rec,10,10,0.5989241954999389,0.14271886165667796,3.966920323013704,0.9118648728299155,0.16336540747082953,0.8385312480154552,65.0,0.012145748987854251,0.0,1.803395441983642,311.07380000000006,2.0163700000000007,4.1,2.0,1.5
1h0i_A_rec,10,10,0.36368059869587654,0.2686623922682082,5.259959507233178,0.903096866975007,0.0820941206874143,0.6800888437289286,60.0,0.03296703296703297,0.0,2.660721934771657,486.98540000000014,-0.3435429999999965,9.7,5.8,6.7
1h36_A_rec,10,10,0.5162015249815578,0.15922722876837828,4.304556360462409,0.8920779894179816,0.03205192707286938,0.4207734206252256,75.0,0.009950248756218905,0.0,0.6704371018074378,492.9296000000002,4.814822000000004,4.7,0.8,5.4
1jn2_P_rec,10,10,0.34908907386566235,0.12335684206250107,3.9739138218432166,0.9054157119953512,0.3129614181700806,1.1425991635175305,25.0,0.0,0.0,4.730400933230847,229.1121,-1.8286399999999996,5.7,4.5,3.6
1k9t_A_rec,10,10,0.5450556175419485,0.16175135290621132,4.271356117521223,0.9383449076754986,0.43483704828158576,1.4725512813448474,0.0,0.05027932960893855,0.0,4.993776317388722,228.29680000000002,1.0483540000000007,3.7,2.5,2.1
1l3l_A_rec,10,10,0.6717305163215885,0.1249586930617695,3.5618872392872936,0.9087691498323861,0.014467870519627087,0.27196005410067287,290.0,0.011235955056179775,0.4,0.6184664358833821,327.4229000000001,3.1949800000000015,3.5,1.5,2.2
1phk_A_rec,10,10,0.26759459215332093,0.09337581882378201,5.115925921404264,0.7463124670101676,0.05033193170200211,0.5218535524614237,20.0,0.05693950177935943,0.1,2.168233492251536,440.6537000000002,-1.5105319999999995,11.7,6.4,5.4
1r1h_A_rec,10,10,0.5366486101630864,0.1722564492060082,3.979934384687405,0.8899026296282255,0.04911055279342713,0.5117324482884502,100.0,0.0462046204620462,0.1,2.9799319978893073,403.85260000000017,2.3878280000000016,4.8,3.1,4.8
1rs9_A_rec,10,10,0.6538182179585851,0.15866395939687167,2.9347790415228503,0.9153371450795422,0.0462836810507689,0.4987440763445691,25.0,0.022026431718061675,0.0,1.1506960439613736,304.7472000000001,2.7832070000000018,3.6,1.5,5.9
1umd_B_rec,10,10,0.2702768025114549,0.09843418757425405,5.3769812891812006,0.846457078352683,0.015369158133697719,0.3018331398140155,150.0,0.021406727828746176,0.0,1.0382498906472488,470.5211000000002,0.5175110000000002,10.1,5.0,7.0
2azy_A_rec,10,10,0.6805575618357538,0.16200406932378694,4.434195098920169,0.9174850752086608,0.08181177025203938,0.6744844803370749,75.0,0.036231884057971016,0.0,1.214295774246213,354.2800000000001,3.290293000000002,3.8,1.7,3.0
2cy0_A_rec,10,10,0.5503206615730085,0.10612984163185753,4.626968372981492,0.9146070846541909,0.07676878914606727,0.635666969982711,810.0,0.0546218487394958,0.1,2.4322895006314766,288.0525,1.384130000000001,4.2,2.1,0.7
2e24_A_rec,10,10,0.3845135126909678,0.11477093369125509,5.205556426369095,0.9273118411808876,0.3195665122013196,1.1757034257435144,50.0,0.04390243902439024,0.0,1.0193540105733936,284.46400000000006,-0.301051,6.3,4.0,2.9
2e6d_A_rec,10,10,0.3843847375775086,0.15868242136013497,4.6433122959972515,0.913853606308484,1.1723021838557788,1.8625439026413795,70.0,0.04736842105263158,0.1,2.601503615075074,255.85080000000002,-0.7308699999999989,4.8,3.1,2.9
2f2c_B_rec,10,10,0.6494891962747499,0.15198596478811635,3.523705319499649,0.91859161674845,0.17388515479180336,0.8395954666363166,0.0,0.03347280334728033,0.0,3.552236541470524,308.74230000000006,2.5948100000000016,4.4,1.7,3.1
2gns_A_rec,10,10,0.6207673205010962,0.12270455426765717,3.1542647416865544,0.9249713001550738,0.2088913149306811,1.1103629150621595,5.0,0.00975609756097561,0.0,5.450992424953251,257.97520000000003,3.1972210000000016,2.7,0.9,2.7
2hcj_B_rec,10,10,0.31742555083318,0.10770133362176633,4.272191899851256,0.7942884927913999,0.040150228077691745,0.4737809790144458,20.0,0.04054054054054054,0.0,4.78204247669108,339.2842000000001,-1.0960229999999997,8.2,4.7,6.1
2jjg_A_rec,10,10,0.5624650074433586,0.09380108890730764,4.487435281939875,0.9163483910873925,0.3632108357129416,1.2830218217212557,55.0,0.005154639175257732,0.0,3.1373836975284735,250.36270000000005,0.4298900000000003,5.2,1.9,1.1
2pc8_A_rec,10,10,0.5846556743120116,0.15686581187672,4.920769780621135,0.9195094623008824,0.05549874978211175,0.5418391352248498,265.0,0.07329842931937172,0.0,1.6349911254048557,238.3172,0.4479320000000001,4.0,2.6,0.9
2pqw_A_rec,10,10,0.6440158481419657,0.12839252316083224,2.436320464080269,0.9403374183905644,0.058446060523965275,0.5638988873787629,20.0,0.028169014084507043,0.0,2.791338139618405,193.21169999999998,1.6803420000000002,2.5,1.2,4.0
2rhy_A_rec,10,10,0.529464468275658,0.09876881032317525,2.9211313668201355,0.9466307016460651,0.4828359432749057,1.5284218143282258,20.0,0.018691588785046728,0.0,4.700940839936051,151.98350000000002,0.9800270000000003,2.4,1.3,2.5
2rma_A_rec,10,10,0.4866272667507533,0.22351679959966364,3.7012307906547215,0.8995535352091388,0.06552373765405109,0.5616050493275864,5.0,0.0078125,0.0,3.5697117104632325,352.96670000000006,1.0983000000000005,5.3,3.5,5.8
2v3r_A_rec,10,10,0.4447624750588227,0.16686203802727456,3.9085337219803433,0.9251410307283465,0.04043380155948504,0.46957910243889356,10.0,0.01020408163265306,0.0,1.3379796836573514,264.32620000000003,0.4568050000000007,5.2,3.3,3.4
2z3h_A_rec,10,10,0.6526046905708787,0.16777767402550967,3.6362057116163355,0.9285159666706312,0.24048977737295119,1.0133316315777636,500.0,0.03187250996015936,0.1,1.7336201493359262,328.3162000000001,2.324769000000001,4.4,1.5,3.5
2zen_A_rec,10,10,0.5591951437541064,0.17064198295637745,4.141361124503347,0.9125514239836298,0.16429251077838383,0.936858221580201,205.0,0.03821656050955414,0.1,2.1871013556637484,210.3424,-0.10089099999999958,4.2,2.8,2.1
3af2_A_rec,10,10,0.3449368851105249,0.11253663173455988,5.205354680493828,0.8534880137594079,0.04072415813102626,0.48443147828809713,10.0,0.0931899641577061,0.1,0.9765174609813061,431.7576000000002,-0.2083580000000001,9.7,5.4,5.1
3b6h_A_rec,10,10,0.6834352666189785,0.1268750962281327,3.7366889805622305,0.9266061596808597,0.027335979528111898,0.4064705119312414,0.0,0.019138755980861243,0.0,0.6178841733695182,255.34440000000004,2.8427840000000018,2.6,1.1,1.7
3chc_B_rec,10,10,0.6008642166470843,0.14748482345278205,3.8215198871505414,0.9304851865593307,0.04561661476925797,0.49531466343909564,220.0,0.09248554913294797,0.0,2.36150084821578,219.59230000000002,1.2551230000000015,3.1,1.9,2.4
3daf_A_rec,10,10,0.213791008173943,0.13728883849345372,5.4455030133705415,0.8616164902571257,0.04461422855743875,0.4749656766283676,30.0,0.03667481662591687,0.2,2.9038647275323735,530.3590000000003,-0.9301969999999968,11.8,5.5,8.3
3dzh_A_rec,10,10,0.29805887512753154,0.1467676055153939,5.216287660884288,0.8957665030096525,0.03432807557752266,0.4434164528011077,30.0,0.061046511627906974,0.2,2.555905078654205,494.16920000000016,0.9207500000000024,8.7,5.4,6.3
3ej8_A_rec,10,10,0.46143340996765836,0.07231933876149052,3.247675139085993,0.9567626557493034,0.13687406422332626,0.7546008895246302,105.0,0.03007518796992481,0.0,1.2452445586853713,179.72789999999998,0.6107900000000004,3.0,2.0,1.5
3g51_A_rec,10,10,0.6000844729044957,0.13624980768674136,3.6177870875615126,0.8327156823195974,0.02756331378868458,0.4065506097339465,10.0,0.0425531914893617,0.0,1.8687738696603624,329.43210000000005,1.239054,5.8,3.5,4.1
3gs6_A_rec,10,10,0.3605823107117956,0.15988073399084488,4.871677311643833,0.8663499942835723,0.049605335337620175,0.5259872948416109,65.0,0.01680672268907563,0.0,2.5015896349529596,338.7668,-2.1025999999999985,7.5,5.5,3.7
3hy9_B_rec,10,10,0.5418497229156267,0.216662373812345,3.2425485928981272,0.8779226227410949,0.3439772923885165,1.3281504700035305,40.0,0.043795620437956206,0.0,2.437677284998283,371.79530000000005,3.216760000000002,4.7,2.0,5.9
3jyh_A_rec,10,10,0.6144820231678322,0.1294432629152616,4.590516963332743,0.9246740874319714,0.05845809653387626,0.5570968559939584,65.0,0.02,0.0,1.287627803627663,258.1784,1.2836300000000012,3.4,1.9,2.3
3kc1_A_rec,10,10,0.4808018785778964,0.2077287191454409,4.281863637577138,0.8869118329542998,0.23324131219673436,1.0495834899403031,15.0,0.04184100418410042,0.1,3.3345430685088813,336.6849000000001,0.5069400000000006,5.9,4.0,4.5
3l3n_A_rec,10,10,0.5267270372284601,0.15796628617604944,4.423677418420598,0.923895253764248,0.26685668869396767,0.9996808136763984,370.0,0.07407407407407407,0.0,1.7687145093444798,274.61860000000013,1.294710000000001,3.9,2.4,3.0
3li4_A_rec,10,10,0.555513840282919,0.12845633113609398,4.432643528010078,0.9088176208759644,0.06282337070527866,0.5744482441381079,30.0,0.004694835680751174,0.0,2.4591334630195196,284.73510000000005,0.32117000000000023,5.1,3.8,3.2
3nfb_A_rec,10,10,0.5769819617911133,0.19288443163126973,3.931720286896975,0.909229542645848,0.03922370391568756,0.4703089064668423,140.0,0.01694915254237288,0.0,2.4931581226506867,321.8872,1.432072000000001,5.0,3.2,5.9
3o96_A_rec,10,10,0.39506166739806425,0.0847106686753428,3.459541391382122,0.8874537882149246,0.011878750199677478,0.26052331396630996,0.0,0.025974025974025976,0.0,1.2167128144817752,470.23110000000025,5.390711000000005,5.8,1.4,5.3
3pdh_A_rec,10,10,0.6350258150106556,0.18832394569757882,3.398994193337843,0.9171852247118772,0.151195783921065,0.8678403124964531,150.0,0.007633587786259542,0.0,2.328665055155315,327.30820000000006,2.956938000000002,4.4,1.6,3.6
3pnm_A_rec,10,10,0.4415113538475367,0.12853835299650637,4.060446696996584,0.9261725982748106,1.7064025927899753,2.5065638271946793,405.0,0.11834319526627218,0.0,2.2449240975323757,229.36620000000002,0.060570000000000415,4.3,2.8,2.9
3tym_A_rec,10,10,0.5580814170582876,0.14705564011344374,3.7623751861855808,0.9191884194211997,0.03885114361790706,0.4475780207049969,0.0,0.020689655172413793,0.1,1.984381690538425,382.46340000000015,1.791395000000002,5.9,2.4,6.0
3u5y_B_rec,10,10,0.5910875491772509,0.22371930894990835,4.929753521631261,0.9004495287671389,0.0373155464234391,0.4544763739551695,20.0,0.01098901098901099,0.0,2.1458597544450213,357.2334000000001,0.934300000000003,5.6,3.5,3.6
3u9f_C_rec,10,10,0.7237263224195942,0.11513487010206483,3.461430471403216,0.92597485662289,0.03251882672624968,0.38387106552641925,75.0,0.017467248908296942,0.0,0.44212459823542166,297.5221,3.164588000000001,3.3,1.4,2.2
3v4t_A_rec,10,10,0.3111898362857172,0.18274272938958241,5.145451596711214,0.8909051319436184,0.03659579840992824,0.44788859222559435,40.0,0.043478260869565216,0.0,1.4050326345651054,358.8281000000001,-2.0685379999999984,8.0,5.9,5.7
3w83_B_rec,10,10,0.4310868779806894,0.1609484358922603,4.438236450285922,0.9133755115557243,0.29932840130524313,1.1348325106974408,30.0,0.05789473684210526,0.3,2.5134362750896457,270.1095000000001,-0.7152319999999992,5.5,4.1,2.9
4aaw_A_rec,10,10,0.6121244742092098,0.11876515108312667,3.134097839536454,0.9396746151218006,0.1279757599363238,0.859192592423761,40.0,0.02112676056338028,0.0,4.547669888385067,188.757,1.5069660000000002,2.7,1.1,1.7
4aua_A_rec,10,10,0.7801104779271394,0.06069142644259209,2.370284000577185,0.895320499758787,0.06146155440227597,0.5733442134103506,45.0,0.0,0.0,3.8056111805383446,256.8828,2.6169320000000007,3.4,1.3,2.7
4azf_A_rec,10,10,0.5923282547825105,0.14023185382377118,4.01045392526549,0.9071126976181327,0.07809208192432666,0.6317414112113899,15.0,0.015037593984962405,0.0,1.8751789335277174,344.4416000000001,1.9282130000000008,5.5,2.5,2.5
4bel_A_rec,10,10,0.30616671609001406,0.11692951766813743,4.607369134301776,0.8859011079614093,0.02096328839929956,0.34533291965432394,10.0,0.01639344262295082,0.0,2.484259445064162,502.3344000000003,2.210332000000002,6.1,4.2,11.2
4d7o_A_rec,10,10,0.6036981881143098,0.17647108463354677,3.4378083564829716,0.9124934684102177,0.024512590645000238,0.37728553994246194,0.0,0.025089605734767026,0.0,2.125052319953354,367.33310000000006,2.068479000000001,5.5,2.5,5.5
4f1m_A_rec,10,10,0.33762066182662737,0.11335924055237508,4.536613290004846,0.8224759133688153,0.056643983987152015,0.570981096448802,15.0,0.036290322580645164,0.2,3.119286764172169,396.7954000000001,0.09554799999999997,8.9,4.9,8.2
4g3d_B_rec,10,10,0.5817190265723765,0.15583291546343525,3.534918646711513,0.9144596812474031,0.06072281007673583,0.5851821155297432,480.0,0.007246376811594203,0.0,1.4724716961727968,344.29980000000006,2.201054000000001,5.3,2.2,3.1
4gvd_A_rec,10,10,0.5202675705617806,0.159257004633523,3.2265691184080887,0.9405492000607474,0.16576016696917859,0.9500233926251143,5.0,0.012048192771084338,0.0,5.211822618195872,222.3391,1.4846980000000007,3.2,1.9,2.2
4h3c_A_rec,10,10,0.6093449914713909,0.11810589824059074,2.916871678218458,0.9036003660638646,0.6260366371622936,1.6927546174648467,5.0,0.02092050209205021,0.0,1.8654410654163154,307.0064000000001,3.609276000000002,2.9,1.0,2.6
4iiy_A_rec,10,10,0.39830692326131595,0.1567543805414722,4.728625143333027,0.8992175902398881,0.021286770043662678,0.34783964488627905,35.0,0.04229607250755287,0.0,2.357509056385651,436.6972000000002,1.0961810000000007,7.7,3.8,5.6
4iwq_A_rec,10,10,0.7320380422496962,0.18693733973966453,3.7821854711767005,0.9131092705680504,0.7516982076731277,1.8991222605225386,5.0,0.024390243902439025,0.0,2.840278682135062,360.6201,2.257759000000001,5.1,1.6,2.8
4ja8_B_rec,10,10,0.32007887948476244,0.17943783388658477,4.703432815373459,0.9009478552662211,0.02062835225614402,0.34079035210318004,490.0,0.016304347826086956,0.1,0.3992419723298684,483.7885000000002,6.376524000000004,4.0,1.6,8.3
4kcq_A_rec,10,10,0.6120642013456105,0.17906807981493714,3.189661541807477,0.9041053610601454,0.06338218961843432,0.6078772079353707,0.0,0.01702127659574468,0.0,1.8291593947730473,313.3570000000001,2.841450000000001,3.6,1.9,6.1
4keu_A_rec,10,10,0.6723073243362493,0.18505700809333606,2.8042394839308376,0.9249045819810275,0.10601404913023027,0.7767188676335441,90.0,0.02358490566037736,0.0,2.00114169234807,273.78020000000004,3.7760890000000016,2.6,1.2,3.0
4lfu_A_rec,10,10,0.6784367496410585,0.06333124309933272,3.838526798253421,0.9229045365719669,0.4517247556849165,1.2376648461056565,65.0,0.02252252252252252,0.0,1.2858708214179844,265.3821,2.6735850000000014,2.6,0.8,2.0
4m7t_A_rec,10,10,0.6638507478044989,0.16312790157697402,3.817509879248502,0.907885190385554,0.028662910172929823,0.40876095342693675,10.0,0.014760147601476014,0.0,1.1067304326265104,346.9901000000001,1.9935200000000013,5.0,2.1,3.6
4p6p_A_rec,10,10,0.4745352168375869,0.16163636089285902,4.560056451701135,0.9080146217920585,0.34420955352330185,1.2596251924423632,1290.0,0.02,0.0,1.4554947412601318,333.30210000000005,0.6719770000000007,5.6,3.7,4.0
4pxz_A_rec,10,10,0.4885844317220392,0.1538058070216646,3.689828795656369,0.8949478498640856,0.014007580498165787,0.2812401774349543,205.0,0.041935483870967745,0.0,0.760182489865488,438.3401000000002,2.089290000000001,5.7,3.6,6.2
4q8b_B_rec,10,10,0.6725773238940717,0.13079683009586077,3.0383789663169054,0.9152371091395123,0.06760318793369646,0.6002538413641503,20.0,0.04597701149425287,0.0,3.4101120257609425,238.3752,1.5174450000000006,3.9,1.9,2.0
4qlk_A_rec,10,10,0.3223196972001213,0.1484817275175791,4.782910962316448,0.8937955828444994,0.08710510960155066,0.6598467327012459,20.0,0.027227722772277228,0.0,2.208046153161646,542.7404000000002,1.436508000000001,9.0,5.2,8.4
4rlu_A_rec,10,10,0.6314880916572435,0.10515001720111823,3.80809661699481,0.9169428757841697,0.058172923693554146,0.5405419028369202,55.0,0.0,0.0,1.466525351755933,351.9899000000001,2.672380000000001,4.7,2.1,3.7
4rn0_B_rec,10,10,0.5571782228957883,0.19264056798301585,3.203985291212736,0.9422651417987851,0.2827709833821566,1.1717560100033242,180.0,0.006756756756756757,0.0,3.9928694946392462,203.14000000000001,1.776393000000001,2.9,2.1,3.0
4rv4_A_rec,10,10,0.31301347577393074,0.12405519662912186,5.344433939262862,0.8676791884765156,0.05789115909988977,0.5719849325223978,150.0,0.0364963503649635,0.1,2.727848156881317,401.4427000000001,-1.6936799999999983,8.6,5.5,5.1
4tos_A_rec,10,10,0.49078071527387906,0.10720551881772354,3.828816491524514,0.8937233902750269,0.04280101637475115,0.47231323363135647,75.0,0.03234501347708895,0.0,2.0723814364169626,475.57710000000014,3.010836000000002,6.3,2.4,5.8
4tqr_A_rec,10,10,0.48496581426009183,0.1490621425122009,3.7160777748432006,0.9244722131334011,0.041813591600728096,0.45703212418249933,10.0,0.012195121951219513,0.0,4.386155216120545,233.4019,-0.35401799999999894,4.7,3.4,1.9
4u5s_A_rec,10,10,0.5834980066609396,0.09791734460686732,3.825666207264496,0.9132074503749659,0.05799479729703796,0.5408859393717219,0.0,0.019736842105263157,0.0,4.748009069953917,210.2956,-0.2907299999999996,4.0,2.2,2.3
4xli_B_rec,10,10,0.6637215800131947,0.15484391060861963,2.844238454480425,0.8842184112232506,0.03221158772258623,0.43111265596601656,5.0,0.007194244604316547,0.0,2.5367303137613293,338.8280000000001,3.314420000000001,4.7,1.3,3.6
4yhj_A_rec,10,10,0.6039171096848903,0.17060848009454113,3.463156796292563,0.8762300640880888,0.02719935958034363,0.38346383605029216,0.0,0.02973977695167286,0.0,1.2195410485969482,358.2365000000001,2.1722270000000004,4.5,3.2,3.7
4z2g_A_rec,10,10,0.26480458721959893,0.2042324581272723,5.3335936932619905,0.8901968067401116,0.05967706827080596,0.5757317061931335,20.0,0.0425,0.1,2.533136887831302,543.0576000000002,-1.2842019999999947,11.3,7.0,8.4
4zfa_A_rec,10,10,0.5410517472906381,0.2340078590412815,3.3276807479361366,0.9137220459425549,0.02090199602612493,0.3518826916587939,130.0,0.015625,0.0,1.512839367375388,405.84250000000003,5.200236000000004,4.2,1.1,4.9
5aeh_A_rec,10,10,0.6488084370886174,0.19208466665438598,3.5448007719216768,0.9078521502790647,0.10413889702397959,0.7233973592309277,155.0,0.02877697841726619,0.0,2.1499913440062897,356.6637000000001,3.503714000000002,3.8,1.4,3.0
5b08_A_rec,10,10,0.6468579059684654,0.15806213674257702,3.857502157166267,0.9149417910400699,0.20642329186920647,1.021482037604534,490.0,0.024305555555555556,0.0,3.631994626423475,363.77940000000007,3.7511670000000024,3.8,1.7,2.3
5bur_A_rec,10,10,0.32424168385159946,0.13902666892914559,4.825531165493381,0.7520786147108176,0.019515356471993674,0.3374891246512003,30.0,0.06440677966101695,0.0,1.7373167970036782,431.42420000000004,-1.255331,10.0,6.1,5.6
5d7n_D_rec,10,10,0.6335549318006656,0.12767852122088416,4.175722761066369,0.9118908240287154,0.024455308878136114,0.3697314961291356,15.0,0.02962962962962963,0.0,2.8131684313167264,352.1387000000001,1.3793280000000003,5.8,2.9,5.6
5i0b_A_rec,10,10,0.6049586053799241,0.17077265771825034,3.7715484103064845,0.9067921761602822,0.09452475638903762,0.730500757950822,20.0,0.011450381679389313,0.0,2.3771740419727605,325.3965,1.8466100000000019,6.2,2.3,3.6
5l1v_A_rec,10,10,0.6220058732494964,0.18536335756502545,4.241158632269479,0.9251460731272726,0.02864442391398558,0.40516640345983934,380.0,0.02527075812274368,0.0,0.631242065453337,351.34190000000007,3.6634960000000034,3.8,1.5,3.2
5liu_X_rec,10,10,0.6630103651505673,0.16454611683509046,2.7748261377314636,0.9209205338807276,0.07874553712349606,0.64213325363461,35.0,0.013333333333333334,0.0,2.4191140207225805,275.8695000000001,2.8213500000000016,3.6,1.4,2.8
5mgl_A_rec,10,10,0.7200252649386774,0.07803189777304231,3.049078433319585,0.9103414078572283,0.11474930996832167,0.7768118270681299,5.0,0.023809523809523808,0.0,4.249332669149946,219.97750000000002,1.4382200000000005,3.8,1.4,2.1
5mma_A_rec,10,10,0.649791303774921,0.13541978486960524,3.1691603903226024,0.9239093828802826,0.06894323189628275,0.6201100416117836,535.0,0.02702702702702703,0.0,3.739595602961208,248.94649999999996,2.166017000000001,2.8,2.3,3.2
5ngz_A_rec,10,10,0.630698080359288,0.1426246061098263,3.220631579366846,0.9187390133388067,0.6231422690904375,1.6864863572938766,0.0,0.00980392156862745,0.0,5.459404430210345,256.1489,2.238766000000001,2.8,1.1,2.6
5q0k_A_rec,10,10,0.47765321090529145,0.12904855723605552,3.3156135953378345,0.8955972206645927,0.034399062347856786,0.4130672555564771,155.0,0.017699115044247787,0.0,0.4208248484567515,411.8569000000001,4.839088000000004,4.3,1.2,4.0
5tjn_A_rec,10,10,0.6612730343774358,0.13940738623356205,3.3277630279694805,0.9176204182382758,0.06144482131243619,0.573811868720386,55.0,0.03592814371257485,0.0,4.909396763811607,233.5039,1.1649970000000005,3.5,2.0,3.8
5w2g_A_rec,10,10,0.4579599664326369,0.21203561724616182,4.560640048011111,0.8717190785661897,0.06775195057427277,0.5900746623103786,5.0,0.026022304832713755,0.0,3.463279231944019,372.76230000000015,-0.4382179999999991,8.3,4.3,5.0
